45.55.251.72:3000	
46.224.37.222:3000	static.222.37.224.46.clients.your-server.de
52.140.45.46:3000	
35.226.122.248:3000	248.122.226.35.bc.googleusercontent.com
195.148.30.52:3000	fip-195-148-30-52.kaj.poutavm.fi
34.47.168.122:3000	122.168.47.34.bc.googleusercontent.com
20.75.42.44:3000	
204.168.232.19:3000	static.19.232.168.204.clients.your-server.de
124.71.61.247:3000	ecs-124-71-61-247.compute.hwclouds-dns.com
48.216.216.59:80	
48.216.216.59:443	saasify.cloud
52.58.51.58:443	ec2-52-58-51-58.eu-central-1.compute.amazonaws.com;trusys-openlit-dev-eu.spdr.ltd
141.95.100.13:3000	
130.61.193.245:3000	
35.204.10.138:3000	138.10.204.35.bc.googleusercontent.com
129.212.189.154:3000	
64.226.70.149:3000	
152.42.155.124:3000	
209.38.60.141:3000	
172.191.154.113:443	misc.convogrid.ai
172.191.154.113:3000	
159.146.89.226:9005	226.89.146.159.srv.turk.net
20.221.211.166:3000	
